1,FILTRO PARA CARBURADOR,Fiat 1100
1,RENTEN DE MONOBLOCK,Fiat 1100
1,MOTOR LIMPIAPARABRISAS,Fiat 1100
1,VOLANTE,Fiat 1100
2,DUCTO PARA CALEFACCION,Fiat 1100
1,CLOCH CON ARO DENTADO,Fiat 1100
1,YUGO PARA BARRA CARDAN,Fiat 1100
1,TERMINAL PARA MANIPUL,Fiat 1100
1,FRENO DE MANO,Fiat 1100
1,POLEA PARA FRENO DE MANO,Fiat 1100
1,BRAZO PARA CLUCH CON AJUSTES,Fiat 1100
1,CLUCH,Fiat 1100
2,REFUERZO PARA PUERTA,Fiat 1100
1,JUNTA DE GOMA PARA BARRA CARDAN,Fiat 1100
1,SOPORTE INCOMPLETO PARA MOTOR,Fiat 1100
1,TERMINAL,Fiat 1100
5,MANIJAS DE PUERTA,Fiat 1100
1,BARRA CARDAN CON CRUCETA,Fiat 1100
1,SEGURO INTERNO PARA FRENO DE MANO,Fiat 1100
1,RADIADOR,Fiat 1100
1,CARBURADOR,Fiat 1100
1,PEDAL CON BOMBA,Fiat 1100
2,SOPORTE PARA MOTOR,Fiat 1100
1,VALVULA PARA CALEFACCION,Fiat 1100
1,TAPA DE GUANTERA,Fiat 1100
1,ASPA DE BOMBA DE AGUA,Fiat 1100
2,MARCHAS,Fiat 1100
1,CAJA DE HUMO,Fiat 1100
1,TANQUE DE GASOLINA,Fiat 1100
2,PORTA LUCES TRASERO,Fiat 1100
3,CHAPA PARA PUERTA,Fiat 1100
2,GUIAS DE VIDRIOS,Fiat 1100
2,VISAGRA PARA CAJUELA,Fiat 1100
1,GENERADOR DE VOLTAJE,Fiat 1100
1,FRENO DE AMNO,Fiat 1100
2,VISA BISEL PARA FOCO DELANTERO,Fiat 1100
2,VISCERA PARA FOCO DELANTERO,Fiat 1100
2,FOCO DELANTERO,Fiat 1100
2,BASE PARA FOCO CON AJUSTADOR,Fiat 1100
1,VELOCIMETRO,Producto Nuevo
6,LUZ DIRECCIONAL LATERAL,Producto Nuevo
3,PORTA FUSIBLE,Producto Nuevo
6,MICA TRASERA,Producto Nuevo
2,DEPOSITO DE AGUA LIMPIA PARABRISAS,Producto Nuevo
2,MICA CON BASE LUZ INTERIOR,Producto Nuevo
8,BUJE PARA HORQUILLA,Producto Nuevo
1,REGULADOR DE VOLTAJE,Producto Nuevo
1,JUNTA DE GOMA DE BARRA CARDAN,Producto Nuevo
1,CHAPA TRASERA COMPLETA,Producto Nuevo
2,AGARRADERAS,Producto Nuevo
4,JALADERAS DE PUERTAS,Producto Nuevo
3,MICA DELANTERA,Producto Nuevo
1,SWITCH PARA REVERSA,Producto Nuevo
1,SWITCH TERMINAL PARA BOMBA DE FRENOS,Producto Nuevo
1,TAPA CUBRE CAMBIOS,Producto Nuevo
2,KIT DE EMPAQUES DE CARBURADOR,Producto Nuevo
1,TERMINAL PALANCA DIRECCIONAL,Producto Nuevo
1,TAPA DE MADERA,Producto Nuevo
2,CUBRE PEDALES,Producto Nuevo
1,TERMINAL PALANCA DE CAMBIOS,Producto Nuevo
1,ESPEJO RETROVISOR,Producto Nuevo
1,EMPAQUE MANIPUL Y ADMISION,Producto Nuevo
1,EMPAQUE DE CARTER,Producto Nuevo
2,VALERO PARA RUEDA DELANTERA,Producto Nuevo
2,VALERO PARA RUEDA TRASERA,Producto Nuevo
2,VALERO PARA RETEN RUEDA TRASERA,Producto Nuevo
1,RETEN DIFERENCIAL,Producto Nuevo
2,RETEN DE FLECHA,Producto Nuevo
2,RETEN TAPA CUBRE CADENA DE TIEMPO,Producto Nuevo
2,RETEN DE TMBOR DELANTERO,Producto Nuevo
2,RETEN DE ACEITE MONOBLOCK,Producto Nuevo
4,MANIJA SUBEVIDRIO,Producto Nuevo
4,KIT BASE PARA MANIJA,Producto Nuevo
1,RADIADOR DE CALEFACCION,Producto Nuevo
1,DUCTO DE CALEFACCION,Producto Nuevo
1,BOMBA DE GASOLINA,Producto Nuevo
4,COPA PARA RIN,Producto Nuevo
4,MANIJAS,Producto Nuevo
1,PEDAL DE ACELERADOR,Producto Nuevo
1,CABLE PARA FRENO DE MANO,Producto Nuevo
1,ELEVADOR DE VIDRIOS,Producto Nuevo
1,BASE PARA FLOTADOR,Producto Nuevo
2,BRAZO LIMPIA PARABRISAS,Producto Nuevo
1,MANIJA DE PUERTA,Producto Nuevo
1,TAPA DE DISTRIBUIDOR,Producto Nuevo
2,MICA MARCADOR DE VELOCIMETRO,Producto Nuevo
1,VISTA EMBLEMA PARA COFRE,Producto Nuevo
2,ROTOR DE DISTRIBUIDOR,Producto Nuevo
2,FOCO TESTIGO ,Producto Nuevo
6,BASE PARA FOCO,Producto Nuevo
3,PARES DE LIMPIA PARABRISAS,Producto Nuevo
1,SWITCH DE CALEFACCION DE BOMBA DE AGUA,Producto Nuevo
1,DIRECCION LATERAL,Producto Nuevo
1,VISTA CROMADA,Producto Nuevo
1,CUBRE VARILLA DE CAMBIOS,Producto Nuevo
2,BASE PARA FARO,Producto Nuevo
2,CUARTO TRASERO COMPLETO,Producto Nuevo
2,PORTA PLACAS,Producto Nuevo
1,DUCTO PARA CALEFACCION,Producto Nuevo
1,CABLE PARA VELOCIMETRO,Producto Nuevo
2,FOCO DELANTERO,Producto Nuevo
2,INTERRUPTORES,Producto Nuevo
4,MANIJAS (2 con chupon),Producto Nuevo
8,ASPERSORES O ROCIADORES DE PARABRISAS,Producto Nuevo
1,KIT DE METALES DE BIELA ,Producto Nuevo
1,VISTA MILICHENTO,Producto Nuevo
1,MOTOR,Producto Nuevo
1,VISTAS DE TABLERO ,Producto Nuevo
1,FLOTADOR DE GASOLINA,Producto Nuevo
1,TAPA DE DISTRIBUIDOR,Producto Nuevo
1,TRANSMISION,Producto Nuevo
1,PIEZAS DE ACELERADOR,Producto Nuevo
1,RECUPERADOR LIQUIDOR DE FRENOS,Producto Nuevo
1,MANIVELA,Producto Nuevo
1,BOMBA DE AGUA,Producto Nuevo
8,CAPUCHON PARA VALVULA DE MOTOR,Producto Nuevo
1,BOMBA DE AGUA CON EMPAQUE,Producto Nuevo
2,ESPEJOS LATERALES,Producto Nuevo
2,TOPES PARA DEFENSA,Producto Nuevo
2,BROCHES PARA GUANTERA,Producto Nuevo
1,EMBLEMA FIAT 1100,Producto Nuevo
1,CRISTAL PARABRISAS,Producto Nuevo
1,CRISTAL MEDALLON,Producto Nuevo
1,CHAPA DE CAJUELA,Producto Nuevo
2,RESORTE DE SUSPENSION,Fiat 500
7,BALATAS TRASERAS,Fiat 500
2,SOPORTE DE TRANSMISION,Fiat 500
2,BASE DE PUNTA NUEVA,Fiat 500
1,CLUCH,Fiat 500
2,PISTON PARA FRENOS,Fiat 500
2,ASIENTO DELANTERO,Renault 12
2,ASIENTO TRASERO,Renault 12
2,CARBURADOR,Renault 12
1,TRANSMISION,Renault 12
1,RADIADOR,Renault 12
2,BROCHE PARA SEGURO DE ASIENTO,Renault 12
1,RECUPERADOR PARA AGUA DE RADIADOR,Renault 12
2,SOPORTE DE MOTOR,Renault 12
1,BRAZO PARA FRENO DE MANO,Renault 12
1,MARCHA,Renault 12
2,MORDAZA PARA FRENO DE DISCO,Renault 12
1,SEGURO DE COFRE DELANTERO,Renault 12
2,CRUCETA DE TRACCION DELANTERA,Renault 12
1,DUCTO PARA FILTRO DE AIRE DE CARBURADOR,Renault 12
1,RADIADOR,Renault 12
1,DEFENSA TRASERA,Renault 12
1,DEFENSA DELANTERA,Renault 12
2,MICA DE LUCES TRASERA,Renault 12
4,RIN RESTAURADO,Renault 12
4,RIN CON LLANTA,Renault 12
2,TOPE DE GOMA PARA DEFENSA TRASERA,Producto Nuevo
4,TAPA DE RIN CON EMBLEMA,Producto Nuevo
4,RIN PARA LLANTA,Producto Nuevo
2,COPA DE RIN,Producto Nuevo
4,RINES ,Producto Nuevo
1,LLANTA CON RIN P155-80 R-13,Producto Nuevo
1,BATERIA,Producto Nuevo
1,VOLANTE,Producto Nuevo
1,RECUPERADOR DE AGUA,Producto Usado Renault
1,PARRILLA FRENTE DELANTERA,Producto Usado Renault
2,AMORTIGUADOR DELANTERO,Producto Usado Renault
2,ANMORTIGUADOR TRASERO,Producto Usado Renault
2,RESORTE DE SUSPENSION DELANERO,Producto Usado Renault
2,RESORTE DE SUSPENSION TRASERO,Producto Usado Renault
2,TRACCION DELANTERA CON DISCO,Producto Usado Renault
2,CONCHA PARA SEALVAM DELANTERO,Producto Usado Renault
1,ABANICO DE CALEFACCION,Producto Usado Renault
1,TANQUE DE OXIGENO,Producto Usado Renault
2,FARO DELANTERO CON PORTA SEALVAM,Producto Usado Renault
2,MICA TRASERA,Producto Usado Renault
1,BOSTER PARA FRENOS,Producto Usado Renault
1,VELOCIMETRO DIGITAL,Producto Usado Renault
1,MOTOR LIMPIA PARABRISAS,Producto Usado Renault
1,VARILLA SUJETADOR DE CAPACETE,Producto Usado Renault
1,CREMALLERA,Producto Usado Renault
2,BRAZO PARA RESORTE PARA COFRE TRASERO,Producto Usado Renault
1,POSTE DE VOLANTE,Producto Usado Renault
2,BRAZO LIMPIAPARABRISAS,Producto Usado Renault
1,REGULADOR,Producto Usado Renault
1,ESPEJO,Producto Usado Renault
1,FILTRO DE AIRE DE CALEFACCION,Producto Usado Renault
1,VALVULA PARA LIQUIDO DE FRENOS,Producto Usado Renault
1,MANIFUL,Producto Usado Renault
1,BARRA DE CAMBIOS,Producto Usado Renault
2,HORQUILLA DELANTERA,Producto Usado Renault
2,PORTA AMORTIGUADORES,Producto Usado Renault
1,PALANCA PARA FRENO DE MANO,Producto Usado Renault
2,BASE SOPORTE DE MOTOR,Producto Usado Renault
2,TIRANT DE DIRECCION,Producto Usado Renault
1,PEDAL PARA FRENO,Producto Usado Renault
1,RADIADOR DE CALEFACCION,Producto Usado Renault
1,BARRA ESTABILIZADORA DELANTERA,Producto Usado Renault
1,HORQUILLA DE SUSPENSION TRASERA,Producto Usado Renault
2,BRAZO DE DIRECCION DELANTERA,Producto Usado Renault
1,TABLERO,Producto Usado Renault
1,SOPORTE TRASERO CON BALERO,Producto Usado Renault
1,PORTA TABLERO,Producto Usado Renault
2,JUEGOS DE EMAPQUE PARA VIDRIOS,Producto Usado Renault
1,CUBIERTA DE VENTILACION,Producto Usado Renault
1,PORTA BOBINA,Producto Usado Renault
1,REGULADOR DE OXIGENO,Producto Usado Renault
2,SUJETA CINTURON,Producto Usado Renault
1,CAJA PORTA DIRECCIONAL,Producto Usado Renault
1,VISTAS PUERTAS TRASERAS Y DELANTERAS,Producto Usado Renault
1,SUJETADOR CABLE DE MANO,Producto Usado Renault
1,BISERA,Producto Usado Renault
2,AGARRADERAS SUPERIORES,Producto Usado Renault
1,TANQUE DE GASOLINA,Producto Usado Renault
1,VIDRIO TRASERO,Producto Usado Renault
1,VIDRIO DELANTERO,Producto Usado Renault
1,SEGURO COFRE DELANTERO,Producto Usado Renault
1,VALVULA DE PASO PARA CALEFACCION,Producto Usado Renault
1,MOTOR,Producto Usado Renault
1,MOTOR,Producto Usado Renault
1,RIN 13 CON LLANTA,Producto Usado Renault
1,COFRE DELANTERO,Producto Usado Renault
1,COFRE TRASERO,Producto Usado Renault
1,PUERTA DELANTERA DERECHA,Producto Usado Renault
1,PUERTA DELANTERA IZQUIERDA,Producto Usado Renault
1,PUERTA TRASERA DERECHA,Producto Usado Renault
1,PUERTA TRASERA IZQUIERDA,Producto Usado Renault
1,VENTILADOR DE CLIMA,MG
1,PARRILLA DE CAJUELA,MG
1,BOMBA DE COMPRESOR,MG
1,CARBURADOR,MG
4,DUCTOS DE VENTILACION DE CLIMA,MG
1,CARBURADOR NUEVO CON FILTOR,MG
1,MULTIPLE DE ADMISION,MG
1,CABLE SEGURO DE COFRE,MG
1,RADIADOR ENFRIADOR DE CLIMA,MG
1,ESPEJO PARA PUERTA,MG
1,SEGURO DE PUERTA,MG
1,CILINDRO DE ENCENDIDO,MG
1,ESPEJO LATERAL CON PUERTA,MG
1,VOLANTE,MG
1,CANASTILLA RECUPERADOR DE AGUA,MG
1,SENSOR DE AIRE,MG
1,FILTRO DE AIRE DE CARBURADOR,Producto Nuevo MG
3,BASE PARA VISERA,Producto Nuevo MG
1,VISERA PARA SOL,Producto Nuevo MG
1,BASE PARA PARA-BRISA,Producto Nuevo MG
1,SWITCH DE ENCENDIDO,Producto Nuevo MG
2,BRAZO LIMPIA PARA-BRISA,Producto Nuevo MG
1,ANTENA,Producto Nuevo MG
1,MARCADOR DE TEMPERATURA,Producto Nuevo MG
1,SWITCH DE ENCENDIDO (2),Producto Nuevo MG
