1,JUEGO DE FAROS O LUCES  TRASERAS,Honda Civic 1999
1,JUEGO DE FAROS O LUCES DELANTEROS,Honda Civic 1999
1,JUEGO DE FOCOS DELANTEROS,Honda Civic 1999
1,JUEGO DE BALASTRAS PARA FAROS DELANTEROS,Honda Civic 1999
1,SWITCH LIMPIABRISAS,Maverick
1,CONTROL CLIMA DE CALEFACCION,Maverick
1,MANIJA LEVANTA VIDRIOS,Maverick
1,ROLLO DE EMPAQUE PARA CAJUELA,Maverick
1,ROLLO DE EMPAQUE PARA PUERTAS,Maverick
1,SWITCH DE LUCES,Maverick
1,SWITCH DE ABANICO,Maverick
1,JUEGO DE CLIPS PARA CRISTALES,Maverick
1,PAR DE ESPADITAS,Maverick
1,DEPOSITO DE AGUA LIMPIABRISAS,Maverick
4,LLANTA CON RIN Y TAPA,Camaro 1967
9,SUJETADORES PARA TOLVA,Odyssey
1,CIGÜEÑAL CON METALES,Motor Fiat
1,ENGRANE Y CADENA DE TIEMPO,Motor Fiat
1,TAPA CUBRE CADENA DE TIEMPO,Motor Fiat
1,TORNILLO ,Motor Fiat
4,LLANTAS S/RIN 13,Tsuru
1,BOMBA DE CLUCH,Mini Cooper
1,CILINDRO PARA FRENOS,Mini Cooper
6,PISTON DE FRENOS,Mini Cooper
4,LLANTAS CON RIN,Jetta 1997
1,VOLANTE,Jetta 1997
1,BASE DE VOLANTE,Jetta 1997
2,CALAVERA DELANTERA,Jetta 1997
2,KIT DE CALAVERAS TRASERA,Jetta 1997
1,VISTA PARA PLACAS,Jetta 1997
2,LUZ DIRECCIONAL FACIA DEL CHICA,Jetta 1997
2,LUZ DIRECCIONAL FACIA DEL GRANDE,Jetta 1997
2,FARO DELANTERO PRINCIPAL,Jetta 1997
1,CALAVERA DIRECCIONAL,Jetta 1997
1,CALAVERA DIRECCIONAL REVERSA,Jetta 1997
1,VOLANTE,Jetta 1997
2,ASIENTO DELANTERO,Jetta 1997
4,RIN 15 CON LLANTA,Jetta 1997
1,ALFOMBRA DE PISO,Jetta 1997
1,TABLERO CENTRAL DE CAMBIOS,Jetta 1997
1,VISTAS INTERIORES PARTE 1,Jetta 1997
1,VISTAS INTERIORES PARTE 2,Jetta 1997
1,VOLANTE,Bronco 1984
14,TUERCAS PARA RINES,Peugeot
2,VISTA PARA PUERTA,Caribe
1,VIDRIO DELANTERO,Renault 8 1959
2,AMORTIGUADOR DELANTERO,Renault 8 1959
2,AMORTIGUADOR TRASERO,Renault 8 1959
2,EMPAQUE DE VIDRIOS DELANTEROS,Renault 8 1959
2,FOCO PARA FARO DELANTERO,Renault 8 1959
4,FARO DELANTERO C/FOCO,Renault 8 1959
1,TABLERO,Renault 8 1959
12,TUERCA PARA LLANTAS,Renault 8 1959
4,COPA DE RIN,Renault 8 1959
4,LLANTA CON RIN P55-80 R-15,Renault 8 1959
2,FOCO DELANTERO,Renault 8 1959
2,CALAVERA TRASERA,Renault 8 1959
1,RADIO,Renault 8 1959
4,BISELES PARA FAROS,Renault 8 1959
2,OLLAS O CAZUELAS ,Renault 8 1959
2,CUBRE POLVO PARA CAÑONERA,Renault 8 1959
4,EMPAQUE PARA CRISTALES,Renault 8 1959
2,EMPAQUE PARA COFRE Y MOTOR,Renault 8 1959
2,EMPAQUE PARA VIDRIOS CHICOS,Renault 8 1959
2,EMPAQUE PARA VIDRIOS GRANDES,Renault 8 1959
2,ESPEJO LATERAL,Renault 8 1959
1,ANTENA,Renault 8 1959
1,VOLANTE ,Renault 8 1959
1,BASE PARA VOLANTE,Renault 8 1959
4,RIN 15 CON LLANTA,Renault 8 1959
4,RIN 13 AUSTERO,Renault 8 1959
1,DEFENSA DELANTERA,Renault 8 1959
1,DEFENSA TRASERA,Renault 8 1959
4,HULES PARA PEDALES,Renault 8 1959
2,ASIENTO DELANTERO,Caravelle
1,ASIENTO TRASERO,Caravelle
1,TANQUE DE GASOLINA,Caravelle
1,TABLERO FRONTAL,Caravelle
1,BASE CON RADIADOR Y RECUPERADOR,Caravelle
1,DEFENSA DELANTERA,Caravelle
1,DEFENSA TRASERA,Caravelle
1,MOFLE,Caravelle
2,HULE PARA VIDRIOS,Caravelle
1,TAPA CUBRE TANQUE DE GASOLINA,Caravelle
2,ELEVADOR MODIFICADO,Caravelle
2,BASE GUIA PARA VIDRIO,Caravelle
1,VISTAS COMPLETAS,Caravelle
1,VISTA TRASERA,Caravelle
1,ESPEJO LATERAL,Caravelle
1,ESPEJO RETROVISOR,Caravelle
2,FARO DELANTERO CON BISEL,Caravelle
2,CHAPA,Caravelle
2,BASE CON MICA DE LUZ TRASERA,Caravelle
1,FRENO DE MANO,Caravelle
1,PALANCA DE CAMBIO CON CUBREPOLVO,Caravelle
1,MARCHA,Caravelle
2,COPA PARA RIN,Caravelle
2,TAPA DE PUERTAS,Caravelle
2,VISTA DE ESTRIBO,Caravelle
2,VISTA LATERAL ENTRADA DE AIRE,Caravelle
1,TERTMINAL PARA TANQUE DE GASOLINA,Caravelle
2,LIMPIA PARABRISAS,Caravelle
1,CHAPA PARA COFRE,Caravelle
4,GUIA PARA ASIENTO DELANTERO,Caravelle
1,MARCADOR DE GASOLINA,Caravelle
2,BASE SUJETADOR DE TOLDO,Caravelle
1,CLAXON,Caravelle
1,BOMBEADOR DE AGUA LIMPIA PARABRISAS,Caravelle
2,BASE SUJETADOR DE LIMPIA PARABRISAS,Caravelle
2,VIDRIO DE PUERTA,Caravelle
1,MANIJA INTERIOR DE PUERTA,Caravelle
2,PUERTA CON ALETA,Caravelle
1,TOLDO DE LONA,Caravelle
1,VELOCIMETRO,Caravelle
1,VIDRIO TRASERO,Caravelle
1,VIDRIO DELANTERO,Caravelle
1,EMBLEMA,Caravelle
1,PALANCA CONTROL DE LUCES,Caravelle
3,TAPAS DE PALANCA CONTROL DE LUCES,Caravelle
2,BOMBEADOR DE AGUA LIMPIA PARABRISAS,Caravelle
2,ASIENTOS DE PIEL,Caravelle
20,BROCHES PARA EMPAQUE DE VIDRIOS,Caravelle
1,MOTOR COMPLETO,Caravelle
2,ASIENTO DELANTERO,Caravelle
1,MANIVELA,Caravelle
1,PALANCA CON POMO,Caravelle
4,TAPAS ORIGINALES,Caravelle
1,TAPON DE GASOLINA,Caravelle
1,CABLE DE CLOCH,Caravelle
1,CABLE FRENO DE MANO,Caravelle
1,CABLE DE ACELERADOR,Caravelle
1,CABLE DE VELOCIMETRO,Caravelle
1,VOLANTE,Caravelle
1,VELOCIMETRO,Caravelle
1,PUNTA DE DEFENSA DELANTERA,Caravelle
4,RINES ORIGINALES,Caravelle
2,FARO DELANTERO (CUARTO Y DIRECCIONAL),Caravelle
1,EMBLEMA DE RENAULT,Caravelle
1,EMBLEMA DE CARAVELLE,Caravelle
2,CUARTO LATERAL CON EMBLEMA,Caravelle
1,FARO DELANTERO (CUARTO Y DIRECCIONAL),Caravelle
1,SILENCIADOR,Caravelle
1,VOLANTE,Prosche
1,BASE DOBLE CON MICA LATERAL,Mercedes
1,FOCO FARO,Mercedes
1,CABLE DE VELOCIMETRO,Mercedes
1,BASE PALANCA PARA CONTROL DE CLIMA,Mercedes
2,VISTA LATERAL DE ASIENTO,Mercedes
2,MICA VISTA DE FOCO DELANTERO,Mercedes
1,TOPE GOMA PARA DEFENSA DELANTERA,Mercedes
4,BASE PARA FOCO DELANTERO,Mercedes
2,BISEL PARA FOCO DELANTERO,Mercedes
1,BISEL PARA FARO DELANTERO,Mercedes  Pieza Nueva
1,FARO DELANTERO,Mercedes  Pieza Nueva
1,CENICERO,Mercedes  Pieza Nueva
4,RIN 16 DEPORTIVO,Mercedes  Pieza Nueva
4,RIN 14,Mercedes  Pieza Nueva
1,ASPA DE BOMBA DE AGUA,Fiarmont
1,CARBURADOR,Fiarmont
1,BASTON DE CAMBIOS,Fiarmont
1,DISTRIBUIDOR,Fiarmont
1,TAPA PORTAFILTRO,Fiarmont
1,BRAZO CON COLLARIN DE CLUCH,Fiarmont
1,BOMBA DE DIRECCION HIDRAULICA,Fiarmont
1,TAPA DE ARO DENTADO,Fiarmont
2,SOPORTE DE PORTA FILTRO,Fiarmont
2,PUERTA TRASERA,Fiarmont
2,PUERTA DELANTERA,Fiarmont
1,MOTOR,Fiarmont
